-1.923208927158082115e+00,-1.466225578003000463e+00,4.944680222159765215e+00
-1.844480283989941904e+00,-1.397388629703910645e+00,4.765304015338122312e+00
-1.784704685742650065e+00,-1.428532466956110802e+00,4.717767282604149237e+00
-1.784704685742650065e+00,-1.428532466956110802e+00,4.717767282604149237e+00
-1.821972428447926395e+00,-1.348032696962764065e+00,4.926786718306101598e+00
-2.157402222705807837e+00,-1.059964455940467953e+00,5.829997180068622775e+00
-1.799360629527132716e+00,-1.316505018998873622e+00,4.891157019884548873e+00
-1.802268755489499608e+00,-1.326933087620662421e+00,4.930096079434203915e+00
-2.322803540385455001e+00,-8.949613909726418237e-01,6.311552649760479028e+00
-2.273664635725594518e+00,-9.095987259209235010e-01,6.233958966455640294e+00
-2.277232753641608376e+00,-8.622710592946123409e-01,6.263365232933529647e+00
-2.107822268704211410e+00,-1.008376629402932600e+00,5.841306874413334960e+00
-2.108905930871834311e+00,-1.034824587649151750e+00,5.870464787200629253e+00
-2.200182848404077962e+00,-8.763414431105448488e-01,6.167644166276459394e+00
-1.908936323955233050e+00,-1.125742955305920612e+00,5.385979308669601728e+00
-1.924841750991399980e+00,-1.104498586913182034e+00,5.434978926204523830e+00
-1.785216753061968031e+00,-1.110468385050733753e+00,5.073462635466166937e+00
-1.984348172076197292e+00,-1.003362295483350985e+00,5.653741286237579544e+00
-1.931355224955486838e+00,-1.032127628924474738e+00,5.558153133717469885e+00
-1.832351373897823876e+00,-1.098790339601699584e+00,5.282491843486573302e+00
-1.820623086346324859e+00,-1.127914855903171976e+00,5.266117584651156314e+00
-1.884337452477579333e+00,-1.072208315468144324e+00,5.457885796611964047e+00
-1.799985512095892082e+00,-1.136424605815920197e+00,5.224091784713523090e+00
-1.958939645557546738e+00,-9.650523740973314668e-01,5.668488655539188237e+00
-1.809872455694433890e+00,-1.110331904893402610e+00,5.262266040331186723e+00
-1.809872455694433890e+00,-1.110331904893402610e+00,5.262266040331186723e+00
-2.109692021240679782e+00,-8.397134628473371665e-01,6.105646330446769632e+00
-1.785704391386212508e+00,-1.138467711131059490e+00,5.203424206493115101e+00
-1.781980315343345334e+00,-1.135798711113204629e+00,5.194398393744416254e+00
-1.954533098636725308e+00,-9.912906127504891307e-01,5.680335766679576182e+00
-1.884160492516167018e+00,-1.037303822906553652e+00,5.485970457802309852e+00
-1.967048088616041523e+00,-9.734383081845263685e-01,5.718828838417570282e+00
-1.933853960201090905e+00,-9.916960706616251287e-01,5.626999666708436543e+00
-2.008187840665295987e+00,-9.240628382776029381e-01,5.840558224595539194e+00
-1.674235030161985049e+00,-1.214061083050086864e+00,4.916315398468956488e+00
-1.674235030161985049e+00,-1.214061083050086864e+00,4.916315398468956488e+00
-1.978170307953780682e+00,-9.392934242530719402e-01,5.771616233229864612e+00
-1.715011892353935252e+00,-1.185069255021372614e+00,5.032593187185780970e+00
-1.783379393523808920e+00,-1.119178413498828517e+00,5.226364817664459927e+00
-1.881998498668587372e+00,-1.018882162027631377e+00,5.509153201864132043e+00
-1.903426673463751717e+00,-9.965885490828191307e-01,5.574314956084460704e+00
-1.820640938935208508e+00,-1.071831466907645858e+00,5.342936548631289639e+00
-2.048920488647901550e+00,-8.597141215421355565e-01,5.993551701185341862e+00
-1.869883517471603973e+00,-1.022606016937887441e+00,5.499534953225118983e+00
-2.074685377722947699e+00,-7.990992352184581593e-01,6.075919662852706793e+00
-1.785992299369729031e+00,-1.103733976412839102e+00,5.264988683190137131e+00
-1.768178430922403566e+00,-1.113664332740486929e+00,5.217480241552483911e+00
-1.768178430922403566e+00,-1.113664332740486929e+00,5.217480241552483911e+00
-2.076776018501927279e+00,-8.300104275239805762e-01,6.093306952936256238e+00
-1.972831136287625631e+00,-9.145588777091470112e-01,5.809833375971837022e+00
-1.958154872494439314e+00,-9.209576108392624194e-01,5.776677943806668658e+00
-1.846665884952414238e+00,-1.028286279691861926e+00,5.466245827403689361e+00
-1.749132669703868270e+00,-1.115213509686452387e+00,5.188411586496624039e+00
-2.050562218317295127e+00,-8.376833174869632304e-01,6.053973128500887313e+00
-1.923693360036537792e+00,-9.410705068701065157e-01,5.692996195943667459e+00
-1.671610997126256937e+00,-1.171632230270658992e+00,4.980954887369226647e+00
-1.848587760218528109e+00,-1.008133216925391151e+00,5.491202821048782212e+00
-1.848587760218528109e+00,-1.008133216925391151e+00,5.491202821048782212e+00
-1.801335071875012739e+00,-1.069600082181860090e+00,5.362288395073442793e+00
-2.070416394508875157e+00,-8.042994656548089205e-01,6.129012459375966948e+00
-1.729062089811629344e+00,-1.113081022346115390e+00,5.160951870587997092e+00
-1.729062089811629344e+00,-1.113081022346115390e+00,5.160951870587997092e+00
-1.912584151403005972e+00,-9.335203401012442948e-01,5.695093863697685777e+00
-1.899600747767939746e+00,-9.518926674648801045e-01,5.684754922371740626e+00
-1.624327481292409114e+00,-1.191446308364593643e+00,4.893654899623459009e+00
-2.043967112269158282e+00,-7.886986996335614286e-01,6.103393285274629321e+00
-1.806289587309186651e+00,-1.018631055839625654e+00,5.422635778649671501e+00
-1.619601986960983675e+00,-1.197393420743595449e+00,4.886993632622704808e+00
-1.853852981134662903e+00,-9.701590083872294601e-01,5.562170177710899388e+00
-2.002869251960141206e+00,-8.341278486373585599e-01,5.993571742455437779e+00
-2.024729930675020828e+00,-8.103123633522508751e-01,6.060593179013002541e+00
-1.994985328616514453e+00,-8.404746524261178520e-01,5.977281324131929807e+00
-1.728287408047408880e+00,-1.096614414212709443e+00,5.215217458807719808e+00
-1.845305887527631139e+00,-9.750280480455012500e-01,5.552383416075366007e+00
-1.718912838112399033e+00,-1.100997485599681580e+00,5.190757847402078795e+00
-1.968867930637959729e+00,-8.505204398806551769e-01,5.916292354088914074e+00
-1.975234827530726101e+00,-8.407951562174184046e-01,5.942445797285754061e+00
-1.833211987950909894e+00,-9.802222474287871634e-01,5.533683864570188682e+00
-1.788369655121169632e+00,-1.022027921385067151e+00,5.403674141218950844e+00
-1.620287765164937444e+00,-1.174741803292298936e+00,4.925401330992465354e+00
-1.645796134777289588e+00,-1.161888018074678230e+00,4.999516455197412945e+00
-1.874949571688678818e+00,-9.257408063636686224e-01,5.674524504762725741e+00
-1.974643107058244640e+00,-8.176540682598373300e-01,5.966360754926458121e+00
-1.601720803546627048e+00,-1.183293481073686371e+00,4.888281034528458413e+00
-1.636862361457663173e+00,-1.141485720182190855e+00,4.993729485102667454e+00
-1.748433014685203180e+00,-1.038417664894017101e+00,5.323061284429252638e+00
-1.966701507108452596e+00,-8.556244797158817361e-01,5.969540511342739109e+00
-1.592471944512635851e+00,-1.175261922987495655e+00,4.878412265427034100e+00
-1.956916249724250045e+00,-8.273746952584931647e-01,5.946433623407365587e+00
-1.734232238866777909e+00,-1.040771419352524374e+00,5.298363634831805058e+00
-1.734232238866777909e+00,-1.040771419352524374e+00,5.298363634831805058e+00
-1.742741669243984992e+00,-1.028203859714489132e+00,5.324094046431254057e+00
-1.742741669243984992e+00,-1.028203859714489132e+00,5.324094046431254057e+00
-1.937311231861338578e+00,-8.399656811475325613e-01,5.895914839320257173e+00
-1.937311231861338578e+00,-8.399656811475325613e-01,5.895914839320257173e+00
-1.590253706362984243e+00,-1.179427633764677408e+00,4.885211909669628483e+00
-1.741582064770174743e+00,-1.034668017598965983e+00,5.326859153095318433e+00
-1.902366605941693933e+00,-8.660713342979663443e-01,5.803775539872612299e+00
-1.692970147929891533e+00,-1.075982324615510244e+00,5.192022077058795482e+00
-1.856512452081247266e+00,-9.157375282332156363e-01,5.674455428870600393e+00
-1.733140261777966984e+00,-1.032903028143247415e+00,5.319218018239739720e+00
-1.724496792166809955e+00,-1.044230153728724630e+00,5.295985898786629953e+00
-1.862261159039009240e+00,-8.985884424254811931e-01,5.699054531806760693e+00
-1.637139397986077327e+00,-1.114647404528325669e+00,5.044203619108279746e+00
-1.578882206383073639e+00,-1.175510341337096420e+00,4.871950412288382992e+00
-1.768369981494419374e+00,-9.871315132246554214e-01,5.427836491568317712e+00
-1.768369981494419374e+00,-9.871315132246554214e-01,5.427836491568317712e+00
-1.587313859935954863e+00,-1.164348032482395157e+00,4.906936461978220088e+00
-1.947017528752385873e+00,-8.016424623349118761e-01,5.973755381004917986e+00
-1.653632214866930461e+00,-1.093496308343237633e+00,5.109098810652992206e+00
-1.653632214866930461e+00,-1.093496308343237633e+00,5.109098810652992206e+00
-1.974312998604853986e+00,-7.765550110434589204e-01,6.057648098370020051e+00
-1.724128043968024215e+00,-1.019138759989612675e+00,5.318464338043701112e+00
-1.609375450350901238e+00,-1.136175418008156912e+00,4.985666309399379159e+00
-1.736585673633042948e+00,-1.002940866406350384e+00,5.362717352696874329e+00
-1.979029470651994860e+00,-7.715781422857080907e-01,6.088369362018593911e+00
-1.834410678584629473e+00,-9.033123989986614477e-01,5.660624078855191144e+00
-1.576428940240748977e+00,-1.158760326354739467e+00,4.898227992151643839e+00
-1.920202739944039783e+00,-8.181031365516003850e-01,5.917327974349420039e+00
-1.926435086284374876e+00,-8.096690082750472861e-01,5.936250496157058798e+00
-1.720542657874784220e+00,-1.008596044924423563e+00,5.326115892068069790e+00
-1.740030332620390086e+00,-9.703145962389676527e-01,5.382791691747272012e+00
-1.703456195751241520e+00,-1.031185943646535152e+00,5.281074981450674777e+00
-1.655564375894953866e+00,-1.109086186544717023e+00,5.138742684485682943e+00
-1.614356445492208136e+00,-1.119507295608459074e+00,5.018078435974536511e+00
-1.695454179503511183e+00,-1.042477302999772704e+00,5.267762734324662688e+00
-1.596966083296087247e+00,-1.131345550994011795e+00,4.978586186370542066e+00
-1.688303292697912461e+00,-1.037160124889817459e+00,5.249057666856734805e+00
-1.616402350283537626e+00,-1.078287373318558506e+00,5.036832849587189465e+00
-1.908943296876822737e+00,-8.240273624675376052e-01,5.913485901854116378e+00
-1.908943296876822737e+00,-8.240273624675376052e-01,5.913485901854116378e+00
-1.730633880590237261e+00,-9.923272062286678796e-01,5.381840109736603317e+00
-1.935457202812121302e+00,-7.932447385724027411e-01,5.992564998274194643e+00
-1.708289251379678797e+00,-1.012359973310916317e+00,5.322068018167401604e+00
-1.708289251379678797e+00,-1.012359973310916317e+00,5.322068018167401604e+00
-1.566118840549932001e+00,-1.148046955774171485e+00,4.900773333914773211e+00
-1.535926580738836700e+00,-1.177712471737093036e+00,4.813884109070645678e+00
-1.542448892791228321e+00,-1.162278296104075404e+00,4.832926857081564442e+00
-1.632797286514219515e+00,-1.085062554269060842e+00,5.106991899451494454e+00
-1.549069237044229164e+00,-1.163301761851173177e+00,4.859091374590365220e+00
-1.556035859953118106e+00,-1.154556222638540408e+00,4.879181360252301758e+00
-1.812502004624271468e+00,-8.934254403400919697e-01,5.645287441815238338e+00
-1.905092376600607595e+00,-8.091906362980776368e-01,5.926156086845466575e+00
-1.588971146639363230e+00,-1.127633810283609206e+00,4.983511052515956052e+00
-1.588971146639363230e+00,-1.127633810283609206e+00,4.983511052515956052e+00
-1.705613214938055622e+00,-1.010571090326263022e+00,5.334153615360198941e+00
-1.826700587786373786e+00,-8.719225479893427666e-01,5.698673661603013585e+00
-1.549831732182669342e+00,-1.160423532593740870e+00,4.871632052934768531e+00
-1.534008913571344168e+00,-1.172426370145400742e+00,4.825617329541174172e+00
-1.833673967010663874e+00,-8.720076444066249266e-01,5.729154453446985151e+00
-1.827862931189571327e+00,-8.814436707200075105e-01,5.713197806846658011e+00
-1.554134002840452222e+00,-1.151697021502946505e+00,4.893443214993949297e+00
-1.670298887024666223e+00,-1.040590989396360966e+00,5.241916767611261463e+00
-1.533472785160515661e+00,-1.166793816762024871e+00,4.832852645269311687e+00
-1.529456570342776489e+00,-1.177389485779225531e+00,4.823520663585849633e+00
-1.716139261006066619e+00,-9.849307398097102428e-01,5.382916953249684333e+00
-1.798567973465185155e+00,-8.971992631577045962e-01,5.634860985395426347e+00
-1.535647981391062844e+00,-1.161146119530424681e+00,4.850171840536097179e+00
-1.551814732496108684e+00,-1.130798487485447090e+00,4.899775288197539602e+00
-1.798662094170113690e+00,-8.895230548975022744e-01,5.644665600368234060e+00
-1.692212177946919249e+00,-1.003818013913296392e+00,5.324317437217485960e+00
-1.692212177946919249e+00,-1.003818013913296392e+00,5.324317437217485960e+00
-1.648252393495183599e+00,-1.055293748042192670e+00,5.199336381740992330e+00
-1.648252393495183599e+00,-1.055293748042192670e+00,5.199336381740992330e+00
-1.624737495676740417e+00,-1.056858868525689443e+00,5.130408071987361041e+00
-1.624737495676740417e+00,-1.056858868525689443e+00,5.130408071987361041e+00
-1.514807437708882265e+00,-1.160672136531214038e+00,4.798591618642825907e+00
-1.674825454312442785e+00,-1.013147234119742723e+00,5.286459050604414678e+00
-1.782547098021385779e+00,-8.991258093551243169e-01,5.616567522770711918e+00
-1.681772702332006153e+00,-9.872706271098161679e-01,5.312612396275285143e+00
-1.530710656382454626e+00,-1.149507050625912630e+00,4.863679935817907918e+00
-1.530710656382454626e+00,-1.149507050625912630e+00,4.863679935817907918e+00
-1.612069208088043437e+00,-1.064698767709426841e+00,5.109873030969981578e+00
-1.661911438752126768e+00,-1.011980929153728059e+00,5.263220194384294004e+00
-1.645416828833030642e+00,-1.038455769826843511e+00,5.214133969195683171e+00
-1.645416828833030642e+00,-1.038455769826843511e+00,5.214133969195683171e+00
-1.519148355146184404e+00,-1.160602813634265207e+00,4.834278329071892699e+00
-1.695187969792514071e+00,-9.746994863319874414e-01,5.376092170755484290e+00
-1.580738175967812742e+00,-1.079417474707072833e+00,5.029016592131375418e+00
-1.575038227975500860e+00,-1.084802888041849211e+00,5.016490136950012335e+00
-1.558881454876397399e+00,-1.113976200384097837e+00,4.970563309453840617e+00
-1.558881454876397399e+00,-1.113976200384097837e+00,4.970563309453840617e+00
-1.605929802947841267e+00,-1.075323160563472991e+00,5.113393327549955458e+00
-1.669474661559447570e+00,-9.937955004913228141e-01,5.307540696569326144e+00
-1.506432922799978202e+00,-1.159462875017082117e+00,4.816079887548279537e+00
-1.509917870596495071e+00,-1.154023746792260496e+00,4.827775214425426675e+00
-1.695474864517255931e+00,-9.628304010677972702e-01,5.399901931763793961e+00
-1.695474864517255931e+00,-9.628304010677972702e-01,5.399901931763793961e+00
-1.651141318949060244e+00,-1.005291299839433661e+00,5.265574209072358514e+00
-1.648873799111154614e+00,-9.997629596709430855e-01,5.266087047053835235e+00
-1.501572869407622690e+00,-1.158615617934783071e+00,4.819577566576470851e+00
-1.879232826548782764e+00,-7.616834706769132213e-01,5.974532653015197425e+00
-1.558977428998773229e+00,-1.093402990306624245e+00,4.997314049804066904e+00
-1.558977428998773229e+00,-1.093402990306624245e+00,4.997314049804066904e+00
-1.867854122626431579e+00,-7.689031571070512605e-01,5.942373533283294762e+00
-1.575180468522639821e+00,-1.070593480685433807e+00,5.052481320142501175e+00
-1.575180468522639821e+00,-1.070593480685433807e+00,5.052481320142501175e+00
-1.615163318616760657e+00,-1.027959577174011985e+00,5.175939695832287413e+00
-1.615163318616760657e+00,-1.027959577174011985e+00,5.175939695832287413e+00
-1.901809413856300424e+00,-7.309379873041635944e-01,6.054236919155944641e+00
-1.488418125035686490e+00,-1.152962470033754183e+00,4.795603620700865655e+00
-1.495933615552985430e+00,-1.157098579615982947e+00,4.820014895589684656e+00
-1.845881444382132086e+00,-7.993380877061194711e-01,5.893089677011324135e+00
-1.759153033542184330e+00,-8.757817071828409849e-01,5.624466825069960763e+00
-1.846144023239169929e+00,-7.889395932392881949e-01,5.891758209664231138e+00
-1.476985499676284341e+00,-1.141735411945918433e+00,4.763458247662414102e+00
-1.698338840215638301e+00,-9.438727268393451997e-01,5.443773584929425979e+00
-1.581031600060800679e+00,-1.065251867186326695e+00,5.085475464808608237e+00
-1.844074881286761558e+00,-7.764239232530278922e-01,5.901213850236356251e+00
-1.490708718215858264e+00,-1.147397925957903464e+00,4.817524527464226658e+00
-1.854076562848250953e+00,-7.602595444066266861e-01,5.934309769567826187e+00
-1.759569813849253261e+00,-8.639726366334684604e-01,5.647064251897491616e+00
-1.650195833736680218e+00,-9.717320615175146781e-01,5.313420915795048494e+00
-1.568262637468390119e+00,-1.053351580444721769e+00,5.069069413156611859e+00
-1.532587613345629318e+00,-1.102635969298842999e+00,4.962675339753521264e+00
-1.625208660067459565e+00,-9.940923477911252082e-01,5.250004093982072462e+00
-1.585997682892533511e+00,-1.045404675821175022e+00,5.132657019665087361e+00
-1.827858513811177144e+00,-7.784742702287053007e-01,5.880958434427400405e+00
-1.450524102688734551e+00,-1.124053402593891748e+00,4.721829572755938287e+00
-1.622661951645040457e+00,-9.863763435930081869e-01,5.258475034384388458e+00
-1.480620167176181834e+00,-1.143429234305125330e+00,4.823251211195175081e+00
-1.499841576043787317e+00,-1.120407265925393192e+00,4.888093350844474827e+00
-1.532764937001296568e+00,-1.081482423535372384e+00,4.990997516300101466e+00
-1.466746416151919474e+00,-1.146660501497443363e+00,4.790815021464129408e+00
-1.824802873910192691e+00,-7.649695894856639589e-01,5.899527064228212936e+00
-1.468292721191194472e+00,-1.144542211188117387e+00,4.802726449036777367e+00
-1.580410997774545301e+00,-1.022711767953941919e+00,5.151650194253909909e+00
-1.580410997774545301e+00,-1.022711767953941919e+00,5.151650194253909909e+00
-1.758566599048846602e+00,-8.315713071668335843e-01,5.708215708513993292e+00
-1.584885195633124688e+00,-1.012505678273773357e+00,5.167993982810186182e+00
-1.462192458973271547e+00,-1.140100875644137535e+00,4.789557020798352660e+00
-1.648308176829150096e+00,-9.510116213304476984e-01,5.367774518129165173e+00
-1.618335219220035093e+00,-9.744641066567748533e-01,5.277557158193271647e+00
-1.498383951233745126e+00,-1.098499078576276045e+00,4.907136096317771923e+00
-1.618381217000419703e+00,-9.601332089004455117e-01,5.284061817556895413e+00
-1.459988192414348074e+00,-1.144713769018379512e+00,4.798178513323402505e+00
-1.806714721301082571e+00,-7.668303786681112122e-01,5.879549150163764004e+00
-1.567702548360433434e+00,-1.028098991293868725e+00,5.134773232617043881e+00
-1.727074880576746407e+00,-8.415456137393040326e-01,5.644876813465783627e+00
-1.730334866304829466e+00,-8.281965358859842974e-01,5.652808645607693805e+00
-1.449216073512644254e+00,-1.137765580457764436e+00,4.785221235128916284e+00
-1.559200410470570342e+00,-1.015803949979638077e+00,5.133937873081134917e+00
-1.559200410470570342e+00,-1.015803949979638077e+00,5.133937873081134917e+00
-1.817743604733957907e+00,-7.275116233658301956e-01,5.944913172338018192e+00
-1.730800908101536084e+00,-8.165256415608191931e-01,5.677014030413218393e+00
-1.626258008044206615e+00,-9.397654344925385761e-01,5.353160350186981553e+00
-1.466258771815240669e+00,-1.109916354278693396e+00,4.859850414940441787e+00
-1.501835099328316936e+00,-1.066718765020954196e+00,4.973705326446270725e+00
-1.476008558376200375e+00,-1.087964008919800163e+00,4.895458963471169156e+00
-1.787927436528415237e+00,-7.554174792006990158e-01,5.882109327517660802e+00
-1.598945524131385243e+00,-9.587487415660344015e-01,5.288344559758737518e+00
-1.464150469621515960e+00,-1.102917776610953471e+00,4.868003226621636870e+00
-1.554534948052006094e+00,-1.003566691291161606e+00,5.153239603049004636e+00
-1.554534948052006094e+00,-1.003566691291161606e+00,5.153239603049004636e+00
-1.792422291847067584e+00,-7.364776433487945084e-01,5.909791859646222889e+00
-1.595350500383041492e+00,-9.545333918233711579e-01,5.288213288538389456e+00
-1.595350500383041492e+00,-9.545333918233711579e-01,5.288213288538389456e+00
-1.544232892837624549e+00,-1.004136865930141287e+00,5.127846061893871266e+00
-1.667920458982039777e+00,-8.735901777170186344e-01,5.534845548782492131e+00
-1.670643077874160998e+00,-8.751805228181147589e-01,5.544306163647366503e+00
-1.586467901964117466e+00,-9.595632596556210592e-01,5.280081312859445930e+00
-1.534639773136649898e+00,-1.016083611540179232e+00,5.116873383103965445e+00
-1.534639773136649898e+00,-1.016083611540179232e+00,5.116873383103965445e+00
-1.780065633667277547e+00,-7.621169131904297345e-01,5.902055196813623006e+00
-1.463134166018555726e+00,-1.077703280536408847e+00,4.898940391244535952e+00
-1.463134166018555726e+00,-1.077703280536408847e+00,4.898940391244535952e+00
-1.601325256796644281e+00,-9.262013497643702964e-01,5.345621983028141955e+00
-1.447819090132806075e+00,-1.095242953773298167e+00,4.863900565249780428e+00
-1.615441340889571364e+00,-8.997712100293949744e-01,5.395160480889781063e+00
-1.567323994428382994e+00,-9.612741492129237564e-01,5.244998827889031823e+00
-1.545687594671017573e+00,-9.772990570158995860e-01,5.178221425478958473e+00
-1.605802120584105985e+00,-9.116086873676074731e-01,5.372684304422901569e+00
-1.451232087770121915e+00,-1.084322983522413519e+00,4.887557515486558479e+00
-1.425319256787774824e+00,-1.123012179163515700e+00,4.806251470533767112e+00
-1.571847392010013333e+00,-9.438280754760860480e-01,5.275811786981921436e+00
-1.756724812039311523e+00,-7.385784027330406509e-01,5.868165112395178795e+00
-1.462722352896375533e+00,-1.065706992673935538e+00,4.929578220791293930e+00
-1.757076180797728204e+00,-7.160569488437339425e-01,5.874071884119041798e+00
-1.554652538383858529e+00,-9.569340643152393078e-01,5.239830651768489389e+00
-1.450808262623120903e+00,-1.060122273390972536e+00,4.923572696109719260e+00
-1.755112512341604925e+00,-7.148392209747469472e-01,5.909044549705590121e+00
-1.789274164761342156e+00,-6.657890364241501047e-01,6.024020968603498005e+00
-1.671513743318306489e+00,-8.044726799592931687e-01,5.645659271161644455e+00
-1.741185062038616671e+00,-7.301583222457334044e-01,5.872660364635191144e+00
-1.746668912095688198e+00,-7.200379730087653751e-01,5.889381737912628090e+00
-1.412849384737468794e+00,-1.090711866541026032e+00,4.815689604144271385e+00
-1.683249647788882308e+00,-7.910665867703797760e-01,5.686629333360865957e+00
-1.574552183865866928e+00,-9.140031618232314914e-01,5.338614846055496521e+00
-1.554758158125544520e+00,-9.357374375558440427e-01,5.274924238510020125e+00
-1.526216583189785148e+00,-9.688216908010205408e-01,5.189793193240709535e+00
-1.577599953958633172e+00,-9.027489587253777481e-01,5.367230479793393627e+00
-1.740544296413284675e+00,-7.177878235877446222e-01,5.900207954820732681e+00
-1.526595810088710481e+00,-9.450654480876682362e-01,5.219974661912791802e+00
-1.409179577372182912e+00,-1.090257844432280132e+00,4.840907270926520845e+00
-1.645597266530669289e+00,-7.906329766758435351e-01,5.621516176584374413e+00
-1.557359217756101755e+00,-9.055989879465923265e-01,5.339886180709997099e+00
-1.430349864151168715e+00,-1.045275258458785661e+00,4.933975585217374338e+00
-1.631055241678313950e+00,-8.013335474486141807e-01,5.599454007280564305e+00
-1.387715154569090670e+00,-1.087125065629542142e+00,4.808104662520561234e+00
-1.396056421606886477e+00,-1.069732979181446719e+00,4.839813496093050560e+00
-1.734786090236686062e+00,-6.795283085531680367e-01,5.962230484046228796e+00
-1.415814268768860629e+00,-1.047579706635415553e+00,4.917107043246272902e+00
-1.619911215793847115e+00,-8.031401048261230802e-01,5.589411724321507791e+00
-1.494914111279737945e+00,-9.538464411541421883e-01,5.181502270623117745e+00
-1.640380886373372649e+00,-7.679122797473399986e-01,5.669972926610647335e+00
-1.381713030635400852e+00,-1.074123052447791160e+00,4.818697415739212175e+00
-1.545290729410527586e+00,-9.001782815211057942e-01,5.362185270837388273e+00
-1.368734400493859527e+00,-1.081132367304441511e+00,4.778495497226611377e+00
-1.620595735849045260e+00,-7.901533883530958979e-01,5.615336121495820620e+00
-1.620595735849045260e+00,-7.901533883530958979e-01,5.615336121495820620e+00
-1.703533414833011461e+00,-6.865428675173766981e-01,5.897033598599894511e+00
-1.383708178037871717e+00,-1.070280890983462463e+00,4.844382933217406872e+00
-1.383708178037871717e+00,-1.070280890983462463e+00,4.844382933217406872e+00
-1.510689639309413357e+00,-9.178239399713304936e-01,5.270117178938315661e+00
-1.510689639309413357e+00,-9.178239399713304936e-01,5.270117178938315661e+00
-1.363356981292878078e+00,-1.077158624042482638e+00,4.797670799811682762e+00
-1.363474491420292090e+00,-1.068975356770133445e+00,4.801495903783180808e+00
-1.450864570049464897e+00,-9.616525662268442520e-01,5.098557076474709682e+00
-1.541396351767823081e+00,-8.522855299568946608e-01,5.406858302571226460e+00
-1.597325797946203219e+00,-7.762506664979910154e-01,5.607746179594196079e+00
-1.596684422669810033e+00,-7.650341484336036224e-01,5.609089357348155502e+00
-1.596684422669810033e+00,-7.650341484336036224e-01,5.609089357348155502e+00
-1.463885172188224004e+00,-9.313216426310156892e-01,5.171770962449386388e+00
-1.661234627601339220e+00,-6.856520068177417437e-01,5.841646010237315778e+00
-1.507108505947478472e+00,-8.756442116698950340e-01,5.326681941953627764e+00
-1.692166700798754864e+00,-6.552305390010534358e-01,5.948080274270643564e+00
-1.437118837001813754e+00,-9.650605665244589293e-01,5.104407056237472595e+00
-1.333547526575247888e+00,-1.056877090514321216e+00,4.757211494985980060e+00
-1.507794095618670394e+00,-8.535060955411217787e-01,5.340470428791380009e+00
-1.504173237057766510e+00,-8.657386277399182761e-01,5.337147788252285530e+00
-1.628526498004437384e+00,-7.135532469141970813e-01,5.763380752593457501e+00
-1.650273011411110158e+00,-6.786537893195135895e-01,5.858439230980946988e+00
-1.650273011411110158e+00,-6.786537893195135895e-01,5.858439230980946988e+00
-1.486500446419402266e+00,-8.701005014847670305e-01,5.321826565824850697e+00
-1.486500446419402266e+00,-8.701005014847670305e-01,5.321826565824850697e+00
-1.481396433953700020e+00,-8.540037005042493412e-01,5.335536567856187240e+00
-1.481396433953700020e+00,-8.540037005042493412e-01,5.335536567856187240e+00
-1.431221814513439217e+00,-9.231385507837958082e-01,5.165083761019623410e+00
-1.526014336454636355e+00,-7.993572500534822378e-01,5.492291195556701311e+00
-1.548865965199489159e+00,-7.655426775332008216e-01,5.572547691621039689e+00
-1.548865965199489159e+00,-7.655426775332008216e-01,5.572547691621039689e+00
-1.565726271850214513e+00,-7.279833801859236786e-01,5.654784814010302973e+00
-1.401143127389825604e+00,-9.356276290516711835e-01,5.100996224011300484e+00
-1.401143127389825604e+00,-9.356276290516711835e-01,5.100996224011300484e+00
-1.388269687109995765e+00,-9.437917131693115413e-01,5.059649554066551147e+00
-1.403055752141974200e+00,-9.202944229183482872e-01,5.132714806705473976e+00
-1.403055752141974200e+00,-9.202944229183482872e-01,5.132714806705473976e+00
-1.493842382058686802e+00,-1.945625261591022115e+00,5.579508602777795367e+00
-1.654663582167787306e+00,-5.850118535932645747e-01,6.023875533406115146e+00
-1.549835917053250522e+00,-7.187656694587469808e-01,5.667481725106724433e+00
-1.379390739310151437e+00,-9.382377851282807102e-01,5.079950671649720917e+00
-1.379390739310151437e+00,-9.382377851282807102e-01,5.079950671649720917e+00
-1.350079038984197677e+00,-1.618541283766354866e+00,5.062992551265884877e+00
-1.376301642909774081e+00,-9.137244834990499998e-01,5.107502248941276690e+00
-1.441333169257958069e+00,-8.293627186661765016e-01,5.339111951094615449e+00
-1.431268933279386202e+00,-8.234044417981493114e-01,5.341032617667027971e+00
-1.375658926611937227e+00,-1.708831638171559142e+00,5.244456566734394976e+00
-1.593089200657754834e+00,-5.975325523067057665e-01,5.927520365440088312e+00
-1.761269884569751420e+00,-4.226055801807870327e-01,6.562838571724040726e+00
-1.511448430424521039e+00,-6.987805664102231251e-01,5.665909789004202501e+00
-1.403096081642843496e+00,-8.267311896428722884e-01,5.287399693293203917e+00
-1.410601865539020228e+00,-8.050099217943641472e-01,5.323181706577893912e+00
-1.397018762595631847e+00,-1.809401208972005737e+00,5.389641257925667617e+00
-1.563390948712694017e+00,-6.048471375692127117e-01,5.880288871740003920e+00
-1.482990282086946499e+00,-7.045966414285900203e-01,5.593614250305541269e+00
-1.406287891512656874e+00,-8.159676178052609474e-01,5.324264478356392161e+00
-1.406287891512656874e+00,-8.159676178052609474e-01,5.324264478356392161e+00
-1.557577582686507478e+00,-6.125124482049961738e-01,5.870817180725638629e+00
-1.365267667545180252e+00,-1.749800920341260557e+00,5.299686248393010501e+00
-1.374441596339113669e+00,-1.791878446173281070e+00,5.372113579915740900e+00
-1.394348415604355296e+00,-8.083793791695068620e-01,5.340636083274162615e+00
-1.394348415604355296e+00,-8.083793791695068620e-01,5.340636083274162615e+00
-1.495452208505198666e+00,-6.459718529227163053e-01,5.729872805522625789e+00
-1.357793341915449092e+00,-1.817165794406316204e+00,5.408142435483933141e+00
-1.373626013205328178e+00,-1.882997059732956613e+00,5.521832642888289122e+00
-1.302758831774677661e+00,-1.711136934460203429e+00,5.253660187084734368e+00
-1.302758831774677661e+00,-1.711136934460203429e+00,5.253660187084734368e+00
-1.350995935690596284e+00,-1.858879218653772591e+00,5.481463250382265784e+00
-1.361378931616303634e+00,-1.892362964503220946e+00,5.536903483910816881e+00
-1.409363968743449602e+00,-2.079903664749653824e+00,5.825553013897688537e+00
-1.300715267921327412e+00,-1.810258353768030792e+00,5.414327182447173037e+00
-1.340962184786923972e+00,-1.940107127256759156e+00,5.626651091366788648e+00
-1.401934468080690221e+00,-2.147048558935673146e+00,5.946865142955484629e+00
-1.299041960473873658e+00,-1.909757021987921854e+00,5.582233819074916781e+00
-1.255408136051265444e+00,-1.789061634153509051e+00,5.392636499124360050e+00
-1.329454079160749203e+00,-6.191440424372333107e-01,5.625061607798508945e+00
-1.354804667620603587e+00,-2.123188853082692340e+00,5.918702853223904548e+00
-1.354804667620603587e+00,-2.123188853082692340e+00,5.918702853223904548e+00
-1.248834603798676834e+00,-1.888520867294971817e+00,5.553979958582669241e+00
-1.221569984074704740e+00,-1.838390953021268981e+00,5.491830370155981633e+00
-1.221569984074704740e+00,-1.838390953021268981e+00,5.491830370155981633e+00
-1.282185413209343983e+00,-2.020038330090673906e+00,5.782663541169686283e+00
-1.204102838639346418e+00,-1.828777624802784718e+00,5.482597131212450847e+00
-1.273582677780912942e+00,-2.057602059673923733e+00,5.839103988474072970e+00
-9.557654162329370928e-01,-1.091043619253434516e+00,4.351257320176534549e+00
-9.585973369430588198e-01,-1.083498603397736959e+00,4.367880952966070929e+00
-1.125858291180332982e+00,-1.638453821712358094e+00,5.182999896897678482e+00
-1.244366032946197853e+00,-2.022987755021280698e+00,5.790197739283323486e+00
-1.159768488471457193e+00,-1.774549966048529326e+00,5.402210349189481953e+00
-1.090567594374129756e+00,-1.570705914483973009e+00,5.076227905084905068e+00
-9.348847343659263398e-01,-1.101911590843243305e+00,4.318960770037240771e+00
-1.089655820161597122e+00,-1.569847283075426203e+00,5.073589981829162099e+00
-1.089287722710428952e+00,-1.609368431455643345e+00,5.147078804355422754e+00
-1.218231785778852494e+00,-2.016514487357993435e+00,5.791078021911589602e+00
-1.058756684885768795e+00,-1.541755917946481480e+00,5.029600663858539988e+00
-1.257820747647263371e+00,-4.945974389171215457e-01,5.823354321884939289e+00
-1.124536176983432778e+00,-1.781032291104033494e+00,5.395106650156581196e+00
-1.124536176983432778e+00,-1.781032291104033494e+00,5.395106650156581196e+00
-1.178314470630069000e+00,-1.927634086925346768e+00,5.668874278347881379e+00
-1.370661320739966937e+00,-3.110264587650090617e-01,6.403538166876626470e+00
-1.092873603558297102e+00,-1.703735547612613921e+00,5.298931890201273198e+00
-1.104901967978582977e+00,-1.759615217022533873e+00,5.390795058377320537e+00
-1.054456729310849106e+00,-1.611169533425623301e+00,5.142915230439645491e+00
-1.038387341814236864e+00,-1.644068580540217761e+00,5.200141187793078323e+00
-1.084784627895160725e+00,-1.800506454924903244e+00,5.466054473368459732e+00
-1.075383773958688449e+00,-1.800290539525479350e+00,5.465801422933427745e+00
-1.075383773958688449e+00,-1.800290539525479350e+00,5.465801422933427745e+00
-1.017072836956931292e+00,-1.668324238412921323e+00,5.256875748264262072e+00
-1.012656394523572700e+00,-1.652020850939843966e+00,5.237935863389306057e+00
-1.186641614105031328e+00,-6.037070973933950091e-01,6.006507203427912778e+00
-1.144052455274290558e+00,-6.768420106180941254e-01,5.848324719446929443e+00
-1.008969385115796147e+00,-1.715783987705028713e+00,5.336384519108222868e+00
-1.077415795923812869e+00,-1.971546513050557614e+00,5.760613496160755354e+00
-1.106760854569607266e+00,-2.096960610691104954e+00,5.960390591783220060e+00
-1.106760854569607266e+00,-2.096960610691104954e+00,5.960390591783220060e+00
-1.113037284931384763e+00,-2.125475140951495590e+00,6.004658822535453133e+00
-1.111551557561578196e+00,-2.159984647815358816e+00,6.057867180836016274e+00
-1.051298298833344580e+00,-1.962581788073822553e+00,5.753286621353888464e+00
-1.083101722300328085e+00,-2.105066242125094966e+00,5.982125069176023047e+00
-1.077835318780006046e+00,-2.089632971959928476e+00,5.959973730416971094e+00
-1.141967538776173408e+00,-6.808050498307460785e-01,6.099945294586942346e+00
-1.089003214697816579e+00,-2.143757644936171936e+00,6.044769166015545814e+00
-1.089003214697816579e+00,-2.143757644936171936e+00,6.044769166015545814e+00
-1.151215103046724808e+00,-6.729006497521452523e-01,6.165061698217328967e+00
-1.033314541423488553e+00,-1.954190056378108054e+00,5.733736708048264852e+00
-1.158214042682066403e+00,-6.474056082472599005e-01,6.202221618315474139e+00
-1.024253409368356627e+00,-1.923529104705901549e+00,5.689418890404682294e+00
-1.182033603097421448e+00,-6.089345483451567009e-01,6.333756066523975825e+00
-1.092981807923352644e+00,-7.766146084343791278e-01,5.925647438701988179e+00
-1.026947040681671197e+00,-9.013448530625621791e-01,5.603584270002800238e+00
-1.026947040681671197e+00,-9.013448530625621791e-01,5.603584270002800238e+00
-1.145290686299073935e+00,-6.739423038733539650e-01,6.198189899353414134e+00
-1.005990676511032467e+00,-1.898934788862837175e+00,5.667109264431034354e+00
-1.188504843967068680e+00,-5.867595822549950269e-01,6.452639610394752090e+00
-1.134122053475889569e+00,-6.923070410909252237e-01,6.186896480104839391e+00
-1.122813726952141877e+00,-7.162873900724442411e-01,6.135865516242660078e+00
-1.133521176273702080e+00,-6.919248311024510656e-01,6.265458998027418680e+00
-1.180470410082421040e+00,-6.116518858873251085e-01,6.528263980717861514e+00
-1.180470410082421040e+00,-6.116518858873251085e-01,6.528263980717861514e+00
-1.168553003268109958e+00,-6.149261671807284557e-01,6.473380356483973586e+00
-1.143449707444975427e+00,-6.702617372934854822e-01,6.384575132111398155e+00
-1.070049679372605755e+00,-8.141809778650036522e-01,6.007748788934144102e+00
-1.100998107238688961e+00,-7.556281896268388643e-01,6.172564328479228202e+00
-9.409168855576875989e-01,-1.772327152347759949e+00,5.451478037800870702e+00
-1.002217663157450200e+00,-9.485870751701998005e-01,5.687577833477794442e+00
-9.293015650279220496e-01,-1.738245493204377601e+00,5.408671213486423213e+00
-9.861878093967236802e-01,-9.807450843074182467e-01,5.620204777624288717e+00
-1.049802949202088609e+00,-2.197951545946869700e+00,6.151959414287521355e+00
-1.187492832529428277e+00,-5.806804013360432615e-01,6.678952657892183176e+00
-1.092396415710283675e+00,-7.691114372264096222e-01,6.190829575729926759e+00
-9.225924161517593536e-01,-1.740013619831028313e+00,5.420987226169770246e+00
-1.091026462709165923e+00,-7.639152454238927747e-01,6.217854313926685528e+00
-9.813944554140557885e-01,-9.867489940677600657e-01,5.672913312445303724e+00
-9.401816357514722888e-01,-1.836364347745296888e+00,5.576050312957603339e+00
-1.083760117522121202e+00,-7.870603832126628063e-01,6.221618985095791921e+00
-9.701922107057409095e-01,-1.012118051630700233e+00,5.618261810908946607e+00
-1.032226868114777041e+00,-2.197182903672048049e+00,6.149454493228438068e+00
-9.457783727566527743e-01,-1.867092530347535639e+00,5.616811877497422500e+00
-9.584947163812331805e-01,-1.034770486352781571e+00,5.616388458647716853e+00
-1.110886048847344876e+00,-7.339826180740122163e-01,6.433454206248290674e+00
-9.198168423788133374e-01,-1.826500165558494482e+00,5.563550517767838599e+00
-9.840931293494671328e-01,-9.954599436558657644e-01,5.808943965613243776e+00
-9.483793431772878924e-01,-1.053808872896261128e+00,5.627681493234028665e+00
-9.249531641570385432e-01,-1.870190123116215020e+00,5.635833239688895269e+00
-9.606758463454238006e-01,-1.027579288139495395e+00,5.716445327430274226e+00
-7.997501889647748996e-01,-1.359394622368275574e+00,4.839204133227938520e+00
-9.464208647565285348e-01,-1.055328406997317003e+00,5.665239123925859488e+00
-9.714750323480281224e-01,-1.003473145552617352e+00,5.807728277456756238e+00
-9.211198758327953096e-01,-1.885836340754767582e+00,5.653902311955070203e+00
-9.174153635626592918e-01,-1.869384483407108943e+00,5.637398269009110230e+00
-1.065930007631750831e+00,-8.271606958134345433e-01,6.336028299217323578e+00
-8.894284601431469151e-01,-1.170553449343929575e+00,5.378336704190603612e+00
-8.894284601431469151e-01,-1.170553449343929575e+00,5.378336704190603612e+00
-1.096258360149225286e+00,-7.538978509244790294e-01,6.515438711419906603e+00
-9.111436475087021369e-01,-1.868813571201365376e+00,5.637108793413905694e+00
-8.823213068010942184e-01,-1.198534214764426897e+00,5.366796532740465864e+00
-9.052418265765079797e-01,-1.855762589904494941e+00,5.617933431923659349e+00
-1.010401674065049438e+00,-9.258004064377425291e-01,6.134358565177264744e+00
-1.006884483738585301e+00,-9.324287349681685821e-01,6.199086793528857164e+00
-9.690339252588819896e-01,-1.016293486334290508e+00,5.987156667251163356e+00
-9.039504643348886814e-01,-1.943004345957665802e+00,5.759244425580281934e+00
-8.807982248107016909e-01,-1.844721830193216672e+00,5.610130323070945835e+00
-7.786181483398982861e-01,-1.405466284589102166e+00,4.925757654555225074e+00
-8.694614213886360243e-01,-1.208863787167107962e+00,5.494809235901962019e+00
-9.500470089698824783e-01,-1.040627176007073773e+00,5.992996791033385229e+00
-9.567076443496664861e-01,-1.027826959963997533e+00,6.043052714581039098e+00
-8.827900629744103167e-01,-1.926738674275410679e+00,5.746497283799058664e+00
-8.627995141331804563e-01,-1.238936945259800249e+00,5.510232087160029657e+00
-9.622567485729314196e-01,-1.018678358500036296e+00,6.095182425329138454e+00
-1.008267292096420409e+00,-9.247805059375362458e-01,6.400122113647741529e+00
-8.559989661292589647e-01,-1.860022163489742697e+00,5.634066957423421229e+00
-8.504229287369797774e-01,-1.846075180898111734e+00,5.613468769428614280e+00
-9.378845850458579214e-01,-1.062667235388053966e+00,6.037605496039845754e+00
-8.894903493563351971e-01,-2.014848127161542379e+00,5.890788374435152797e+00
-8.710058080236766642e-01,-1.941117680427000725e+00,5.768581014195313550e+00
-8.537381400108479124e-01,-1.237921803245583652e+00,5.548917513630719611e+00
-8.285900383689150939e-01,-1.287752583139725626e+00,5.414879193092839493e+00
-8.222757542614863580e-01,-1.297062215374634064e+00,5.380897954888833823e+00
-8.222757542614863580e-01,-1.297062215374634064e+00,5.380897954888833823e+00
-9.503824443064420313e-01,-1.044765603105243246e+00,6.138077880975449929e+00
-8.236279379954722923e-01,-1.294757492732555582e+00,5.409755459358099650e+00
-8.965371534225466954e-01,-1.156652462873287712e+00,5.850740533520147224e+00
-8.457463214939802132e-01,-1.254825086202722817e+00,5.555592134811980998e+00
-8.199919112811007160e-01,-1.303792257586191550e+00,5.407798614466789111e+00
-9.914537948148646196e-01,-9.592338980344575772e-01,6.438944888816450884e+00
-9.396226616622213035e-01,-1.063329188560556249e+00,6.134817552884076264e+00
-8.191887089301594926e-01,-1.301012521662152643e+00,5.429849437568965875e+00
-8.418180893271006715e-01,-1.878594245323177203e+00,5.673157663986764021e+00
-8.304183882172129216e-01,-1.291092752170588387e+00,5.508009742815592524e+00
-9.681669596566370162e-01,-1.002673298437431360e+00,6.368192849442915637e+00
-9.323190749577019432e-01,-1.085419819272434694e+00,6.142333373042262679e+00
-8.145353761860986141e-01,-1.314120413986894276e+00,5.464212176723910019e+00
-8.466575831246522243e-01,-1.247042184330967141e+00,5.657860563052830472e+00
-8.552044417051678504e-01,-1.230758923499180257e+00,5.716581754399820525e+00
-9.221503582372393426e-01,-1.095258904766107877e+00,6.119032228289428055e+00
-9.221503582372393426e-01,-1.095258904766107877e+00,6.119032228289428055e+00
-9.582395676482804436e-01,-1.025947165577030251e+00,6.342304776567512015e+00
-8.069288602102100416e-01,-1.331872340709996605e+00,5.454277377758822709e+00
-9.123484891096922400e-01,-1.111587826327888662e+00,6.112062549617674811e+00
-9.020108689798723711e-01,-1.135758671022290223e+00,6.076385680114085197e+00
-9.020108689798723711e-01,-1.135758671022290223e+00,6.076385680114085197e+00
-8.187180846508377297e-01,-1.297746899040259194e+00,5.584631610935838708e+00
-1.026784340570580767e+00,-8.882248694539032208e-01,6.880690876181100535e+00
-8.683640942342467639e-01,-1.205368845414559908e+00,5.908042497244703206e+00
-8.683640942342467639e-01,-1.205368845414559908e+00,5.908042497244703206e+00
-8.841415706918051010e-01,-1.170753081382454486e+00,6.016846894786284317e+00
-8.841415706918051010e-01,-1.170753081382454486e+00,6.016846894786284317e+00
-8.814125088308213396e-01,-1.181498710475896496e+00,6.009625766336165853e+00
-9.173651216904039618e-01,-1.105362598625650783e+00,6.234612586649829424e+00
-8.223142063911077493e-01,-1.297807657956228322e+00,5.655874439468562720e+00
-8.746598041168091031e-01,-1.189554136523158556e+00,5.979734033331929766e+00
-8.746598041168091031e-01,-1.189554136523158556e+00,5.979734033331929766e+00
-8.746598041168091031e-01,-1.189554136523158556e+00,5.979734033331929766e+00
-7.963233263146840546e-01,-1.354066817177214554e+00,5.500362335305591266e+00
-9.695338371145288958e-01,-9.954315740159898063e-01,6.596489298507645316e+00
-7.867084683082858909e-01,-1.371337226934451037e+00,5.477400620190856273e+00
-9.916463512645123934e-01,-9.520865908302663660e-01,6.754817889790880159e+00
-8.854366045553142550e-01,-1.168337794164845178e+00,6.089338420612488534e+00
-7.799178411854653659e-01,-1.385564799539190206e+00,5.443682532288378617e+00
-8.623628295111823716e-01,-1.208126740389579457e+00,5.956834044572674181e+00
-8.623628295111823716e-01,-1.208126740389579457e+00,5.956834044572674181e+00
-7.902395221104057121e-01,-1.357375688252206780e+00,5.523752314706087851e+00
-1.011614506229731036e+00,-9.138590139866125117e-01,6.918983266124405951e+00
-7.780546489728128456e-01,-1.398300331823477238e+00,5.469602339454926465e+00
-8.895708884313129339e-01,-1.155878992093800406e+00,6.183342854594093829e+00
-7.810246833329052007e-01,-1.379610380329747699e+00,5.505779103155227894e+00
-8.323370482692178385e-01,-1.276578443100421678e+00,5.831976350554676003e+00
-8.004195065012710275e-01,-1.354835882426508542e+00,5.641175676708159337e+00
-7.337701128075746482e-01,-1.475034015674479893e+00,5.225534890364914808e+00
-9.323182524256792281e-01,-1.068245045865262366e+00,6.486495689631271766e+00
-9.323182524256792281e-01,-1.068245045865262366e+00,6.486495689631271766e+00
-7.832692340839056966e-01,-1.380548334723075810e+00,5.555595467463101400e+00
-8.284733020591531494e-01,-1.288631320229069344e+00,5.856169627622766605e+00
-1.001097793306291006e+00,-9.312983706172129894e-01,6.957911606700253770e+00
-7.778978290825300235e-01,-1.386468487218583734e+00,5.535838085569752209e+00
-1.018564758724960440e+00,-8.990862225638911465e-01,7.074133882137223495e+00
-7.642143864204501424e-01,-1.413419894579232006e+00,5.458160021598064127e+00
-7.695135372765996573e-01,-1.403634159691373284e+00,5.500513011657606199e+00
-7.725444813786018772e-01,-1.395350218325098313e+00,5.515978090947966095e+00
-8.001125332537381007e-01,-1.339281194303806100e+00,5.720363948606750348e+00
-8.834372013497326925e-01,-1.169276046350916198e+00,6.282713562659536954e+00
-7.572383693457324094e-01,-1.424099482029295149e+00,5.474864252302032774e+00
-8.065699771405607788e-01,-1.324273067485083333e+00,5.792783231853790404e+00
-8.615378035085361486e-01,-1.244742090602155571e+00,6.154636329006833328e+00
-8.577179422119239893e-01,-1.239724809364871172e+00,6.136453775447422210e+00
-7.584745183988842454e-01,-1.418849501970874227e+00,5.491187792474830687e+00
-9.637710110006487696e-01,-1.007257504874617515e+00,6.842349194937018098e+00
-9.637710110006487696e-01,-1.007257504874617515e+00,6.842349194937018098e+00
-9.659279387602455191e-01,-9.977863779169681147e-01,6.876888955999809205e+00
-7.525074555455938397e-01,-1.436240713508677436e+00,5.500838794935526188e+00
-8.985172382478973097e-01,-1.134525013696901619e+00,6.537385628901515311e+00
-8.341394979642657859e-01,-1.268069544960316097e+00,6.119074245506745946e+00
-7.875174659985696435e-01,-1.363491652428639789e+00,5.864316751085393520e+00
-7.875174659985696435e-01,-1.363491652428639789e+00,5.864316751085393520e+00
-7.659403162548815702e-01,-1.413140354972688417e+00,5.721536034110842550e+00
-7.531503871765287128e-01,-1.436222363548520731e+00,5.643571651637047104e+00
-7.531503871765287128e-01,-1.436222363548520731e+00,5.643571651637047104e+00
-7.414425466625746974e-01,-1.462020360924367601e+00,5.573877619515384296e+00
-9.023220052341323072e-01,-1.132801662734939097e+00,6.694038605666098540e+00
-6.895073864909637695e-01,-1.593783610287499375e+00,5.262339341307404439e+00
-7.418159140019952025e-01,-1.462510979756373342e+00,5.613408690065583961e+00
-6.874378902577996664e-01,-1.591253725782322714e+00,5.254412107928141396e+00
-8.537660866885939948e-01,-1.228084229868405597e+00,6.390093274430568293e+00
-8.213456194751209694e-01,-1.296997239975632654e+00,6.167114505545513659e+00
-8.478055232726281476e-01,-1.238422360243311315e+00,6.351316420404518936e+00
-8.283533179407894798e-01,-1.282687584125571822e+00,6.225610052985644849e+00
-8.089576996787593011e-01,-1.319533751293409773e+00,6.105242945003639399e+00
-8.200120216782234017e-01,-1.297349736830870626e+00,6.188665596297091120e+00
-8.200120216782234017e-01,-1.297349736830870626e+00,6.188665596297091120e+00
-8.467059263962894988e-01,-1.235431399357364013e+00,6.382565347849920911e+00
-7.487487085883109961e-01,-1.455267001414197958e+00,5.713894497119735405e+00
-7.487487085883109961e-01,-1.455267001414197958e+00,5.713894497119735405e+00
-8.424469365052884573e-01,-1.250717038244305357e+00,6.352627364650402342e+00
-7.592385021754169960e-01,-1.423282708450069878e+00,5.803499864353213411e+00
-8.193408629187400871e-01,-1.297080795846553780e+00,6.224810200403180893e+00
-8.104281177885315213e-01,-1.317866206905721649e+00,6.172016008512753338e+00
-8.255184440808175372e-01,-1.286845251891769237e+00,6.293385836596621985e+00
-8.027826012749462725e-01,-1.331982114931742567e+00,6.152695211267951159e+00
-7.840251261879266353e-01,-1.366101124930230615e+00,6.032946713768136071e+00
-7.840251261879266353e-01,-1.366101124930230615e+00,6.032946713768136071e+00
-7.510271863424172745e-01,-1.442060523752406898e+00,5.805102833480264124e+00
-7.694628389404766233e-01,-1.404893942813925101e+00,5.941077327839652256e+00
-7.694628389404766233e-01,-1.404893942813925101e+00,5.941077327839652256e+00
-7.367972322341073133e-01,-1.474723866580812004e+00,5.720499924284112581e+00
-7.273206172047187446e-01,-1.496783864489790838e+00,5.678121768451185325e+00
-7.222699766192178794e-01,-1.501893698859914750e+00,5.643213545505245676e+00
-8.403638901009137241e-01,-1.252813148542685218e+00,6.489007135032013984e+00
-8.262237514991593867e-01,-1.274656340958587153e+00,6.430819267124037175e+00
-7.491815905326228986e-01,-1.445816732888458578e+00,5.908244035226245749e+00
-9.361392207829658529e-01,-1.066092523203069797e+00,7.220166640542728942e+00
-7.132995490080652479e-01,-1.521192601282325363e+00,5.671582930051479288e+00
-7.907757614829614701e-01,-1.356322490880276010e+00,6.225595102034421124e+00
-8.251901644532576574e-01,-1.281149570032315665e+00,6.519561068906890355e+00
-7.208156962526716116e-01,-1.512897022005627257e+00,5.789152873902582819e+00
-7.208156962526716116e-01,-1.512897022005627257e+00,5.789152873902582819e+00
-8.915429624865922609e-01,-1.152557351281923159e+00,7.011349028699534358e+00
-7.955635611595515133e-01,-1.349609479773790088e+00,6.326613997530856182e+00
-7.906652900067753231e-01,-1.364840365301601022e+00,6.302519735404097823e+00
-7.733831942445065222e-01,-1.388428617981599000e+00,6.208332761782969555e+00
-9.077449701037719754e-01,-1.130757336927873613e+00,7.171469087964812417e+00
-7.240730207621869363e-01,-1.499727687777178131e+00,5.906534922891070849e+00
-9.176222865377842153e-01,-1.107911338272170143e+00,7.330085537636232829e+00
-7.776990204910240179e-01,-1.383433339977998999e+00,6.333436206321856332e+00
-8.706956750139953627e-01,-1.187920286086082466e+00,7.020765361996197385e+00
-8.706956750139953627e-01,-1.187920286086082466e+00,7.020765361996197385e+00
-7.172356403903693556e-01,-1.511641847881140199e+00,5.907894188887204301e+00
-7.886989522245144713e-01,-1.355586016324813015e+00,6.428762449826011860e+00
-8.429415488158152892e-01,-1.244800184458572767e+00,6.835334800733078531e+00
-8.564975694568736087e-01,-1.217067012416513272e+00,6.967910891582693722e+00
-7.603352192920979080e-01,-1.427565725629389881e+00,6.327053761887015071e+00
-7.408904163179897973e-01,-1.470456678289246533e+00,6.182529892566084762e+00
-8.420095567954302140e-01,-1.245516616737842641e+00,6.976780276792629465e+00
-7.561161658660701113e-01,-1.423161554588285416e+00,6.357213628871183353e+00
-8.466082100487442030e-01,-1.236067538812257949e+00,7.053686599343169661e+00
-8.558334547587136409e-01,-1.221113739154987998e+00,7.129270470520261860e+00
-8.404753570865064471e-01,-1.246584180924918073e+00,7.020480353021339326e+00
-6.951717774423609164e-01,-1.556999977589422990e+00,5.932052653239285434e+00
-7.519907086577026778e-01,-1.433827779983054107e+00,6.358644750160491910e+00
-6.985605175836747671e-01,-1.552710063875098134e+00,5.964713215921313427e+00
-6.985605175836747671e-01,-1.552710063875098134e+00,5.964713215921313427e+00
-8.302548641379093874e-01,-1.275206858659764464e+00,6.985218588675468965e+00
-8.302548641379093874e-01,-1.275206858659764464e+00,6.985218588675468965e+00
-7.049731117794747481e-01,-1.536618832981397897e+00,6.079283021520228480e+00
-8.273282060823433648e-01,-1.274915195172971583e+00,7.060698927773955802e+00
-7.384301571984844825e-01,-1.475190719322716282e+00,6.442123502807775459e+00
-7.391489371968474886e-01,-1.462718874686622428e+00,6.437227875538940047e+00
-8.278452002375367158e-01,-1.275209633074952498e+00,7.135535440968488352e+00
-8.184467839799340894e-01,-1.288676086440513568e+00,7.094059571357057337e+00
-6.739196955978999926e-01,-1.602389013366591008e+00,5.977963418637717297e+00
-7.590912648935940199e-01,-1.426006013920501081e+00,6.668836926872445225e+00
-8.346924497060173032e-01,-1.264642177806309276e+00,7.272122025883500207e+00
-7.313182190299840624e-01,-1.504775344674178728e+00,6.486734382421508016e+00
-7.409347816765112782e-01,-1.450010133322179984e+00,6.594128682103264083e+00
-7.409347816765112782e-01,-1.450010133322179984e+00,6.594128682103264083e+00
-6.624702385150417205e-01,-1.619609773719226098e+00,5.992594787959893310e+00
-6.680324639318904190e-01,-1.621014262463127853e+00,6.038823782845790689e+00
-7.694212888924983895e-01,-1.392391191622237345e+00,6.851721743889360283e+00
-6.788971841440925026e-01,-1.584346747424830282e+00,6.147102667535508047e+00
-7.480780499380441650e-01,-1.450293916191001120e+00,6.719242885791394393e+00
-6.602280059288653247e-01,-1.631318070601019743e+00,6.041543968439718526e+00
-6.633999911814260075e-01,-1.617497663935758778e+00,6.070143764298751243e+00
-6.608008235623193949e-01,-1.626499422113071303e+00,6.056778587815676573e+00
-6.483548020502537534e-01,-1.653595928060011211e+00,6.033377564523838110e+00
-6.993636441190491659e-01,-1.540822382127233547e+00,6.493867988003096947e+00
-7.042512434255771003e-01,-1.525279825746874485e+00,6.560541580536717987e+00
-7.917713974289660728e-01,-1.338632962942041482e+00,7.357512968961732902e+00
-7.047233750968235899e-01,-1.524820691166905773e+00,6.638079475983194477e+00
-7.430889350348965916e-01,-1.442282621352228844e+00,7.091879814149326222e+00
-6.928196511822479753e-01,-1.543541133196077109e+00,6.688948299256018082e+00
-8.087978339923100890e-01,-1.303841929915009246e+00,7.733596588868075550e+00
-6.527413417942309337e-01,-2.395205756181097989e+00,6.572776613232869103e+00
-6.034157419370003161e-01,-1.757617640512636914e+00,6.074122658488348314e+00
-6.034157419370003161e-01,-1.757617640512636914e+00,6.074122658488348314e+00
-5.868257221531317791e-01,-2.251858142856127731e+00,6.383613581696508277e+00
-7.061314897462106499e-01,-1.513960686330792837e+00,7.906332523533005308e+00
-6.762217117106322783e-01,-1.572865996341856532e+00,7.806218956230449812e+00
-6.806802947324012143e-01,-1.557263046598237555e+00,8.014209478446238322e+00
-6.881544259284950726e-01,-1.531694152541674958e+00,8.111948056050469091e+00
-6.658975748452916621e-01,-1.600455670580502865e+00,7.902629723615605783e+00
-6.810475778106320766e-01,-1.547712923184030975e+00,8.133276979811530083e+00
-6.885378014387761869e-01,-1.535474484859957300e+00,8.204174396728678431e+00
-6.462415304158515283e-01,-1.629857018132566004e+00,7.838757353848113674e+00
-6.557948756248492828e-01,-1.607603518542484178e+00,7.967290520833779865e+00
-6.588455490160343153e-01,-1.594361424960871965e+00,8.017142210755977771e+00
-6.634113893635293913e-01,-1.640884816420018044e+00,8.151570272669284023e+00
-6.610357304784618693e-01,-1.589266187238061123e+00,8.111927525613637613e+00
-6.502462433657308916e-01,-1.605661042300223329e+00,8.048709992580537431e+00
-6.368598776372664805e-01,-1.621732584172286051e+00,7.945323794676546925e+00
-6.593046145298884220e-01,-1.581907494261451053e+00,8.269544915485312231e+00
-5.200491884760320982e-01,-1.932810953295279743e+00,6.750716673942569912e+00
-6.386260165572394953e-01,-1.626587074487136686e+00,8.113418316171301825e+00
-4.935994527535261800e-01,-2.181622695754323882e+00,6.609425649517513435e+00
-5.019942786872856333e-01,-1.964638418227275363e+00,6.696265641899532994e+00
-5.006898146394413995e-01,-1.972031537838325965e+00,6.724630945892511313e+00
-6.235409286911119953e-01,-1.663287186023957753e+00,8.155640268676574323e+00
-6.160543151321631328e-01,-1.675123540305520686e+00,8.180419396893610084e+00
-6.099131854168823308e-01,-1.691089317701728545e+00,8.183332475588070309e+00
-4.945586481454436467e-01,-1.979368237677405995e+00,6.877945616876788293e+00
-4.958258131095783505e-01,-1.978298752008780248e+00,7.005545104343617879e+00
-5.182032800969560427e-01,-1.912029598965267585e+00,7.309055932803699918e+00
-5.182032800969560427e-01,-1.912029598965267585e+00,7.309055932803699918e+00
-6.023068283608198348e-01,-1.708076503106915833e+00,8.314706372614805829e+00
-4.939645727192611968e-01,-1.984167498625776238e+00,7.044890464536565311e+00
-5.940992445202155636e-01,-1.717108806162823909e+00,8.285062789709288111e+00
-4.938976514610713964e-01,-1.970266841840300653e+00,7.089259527048914933e+00
-4.864062118842177318e-01,-1.977198342468839964e+00,7.152162171460775042e+00
-4.509954652464082669e-01,-2.061752031517939177e+00,6.924622773620273009e+00
-4.469073485796238865e-01,-2.103860159538337271e+00,6.909338123057688463e+00
-4.544574658716129534e-01,-2.050507767296450901e+00,7.151774261888679263e+00
-4.270793462737070834e-01,-2.135322646329289586e+00,6.997973955379103828e+00
